ID,robot,gender_category,age_mean,age_sd,age_ci_lower,age_ci_upper,femininity_mean,femininity_sd,femininity_ci_lower,femininity_ci_upper,masculinity_mean,masculinity_sd,masculinity_ci_lower,masculinity_ci_upper,neutrality_mean,neutrality_sd,neutrality_ci_lower,neutrality_ci_upper
1,jia jia,feminine,36.73333333,16.07725601,31.16119087,42.45747579,6.933333333,0.253708132,6.844882976,7.018117024,1.333333333,1.184187,0.925533881,1.763799452,1.666666667,1.625939163,1.127406983,2.226593017
2,snapbot,neutral,17.46666667,17.1639826,11.65620176,23.56873157,2.733333333,1.892513988,2.105734045,3.377532622,2.4,1.734040528,1.804841106,3.006158894,5.166666667,2.379268699,4.286715903,6.045550764
3,lego mindstorms gripper,masculine,42.03225806,19.63752169,35.61016389,48.94144901,1.838709677,1.293490734,1.395659016,2.270534533,5.258064516,1.825152814,4.608116043,5.906206538,3.483870968,2.15825497,2.74713116,4.219836582
4,lego mindstorms nxt 2.0,masculine,42.25806452,25.84307482,33.04054453,51.03416515,1.225806452,0.497304563,1.055315547,1.399007033,5.225806452,1.647415702,4.644381075,5.821102796,3.64516129,2.058290344,2.927351548,4.349229097
5,mini,masculine,39.77419355,30.52399021,28.95751678,50.73112838,1.419354839,0.958269049,1.068166715,1.762155865,4.612903226,2.07649415,3.904301459,5.336021121,3.677419355,2.226912613,2.92368716,4.43715155
6,cb2,masculine,28.06666667,24.12743943,18.93837552,36.63855781,1.533333333,0.937102406,1.209736875,1.864796459,4.8,2.203445578,4.022696435,5.573503565,3.833333333,2.379268699,2.980156713,4.683109953
7,alter,feminine,40.87096774,18.58806416,34.19498663,47.1783037,4.612903226,1.926610484,3.947933946,5.255420893,2.838709677,1.695027516,2.258873115,3.412223659,2.741935484,1.769514848,2.158675421,3.366034256
8,jibo,neutral,27.41935484,22.86594876,19.58005717,35.51916864,1.387096774,0.954896831,1.036235073,1.725635894,1.612903226,1.333602123,1.157452357,2.078805707,6.548387097,0.888395921,6.235287173,6.85716444
9,buddy,feminine,17.38709677,9.336942467,14.12903769,20.52631715,4.64516129,2.009118996,3.961813483,5.293154259,2.580645161,1.688671935,2.018640307,3.154327435,3.870967742,2.186960379,3.101467162,4.64550058
10,asimo,masculine,35.76666667,13.80575426,30.88305477,40.51294523,1.9,1.295882072,1.449008119,2.367391881,4.633333333,1.790460032,3.993528238,5.261005095,3.966666667,2.498045213,3.109786843,4.847679823
11,nao,masculine,24.76666667,15.71882977,18.89928433,30.87764901,2.866666667,1.978040363,2.179529416,3.561670584,4.166666667,2.305665187,3.359825517,4.989507817,3.066666667,2.347901974,2.251682738,3.909983928
12,baxter,masculine,42.3,16.41099295,36.50384329,47.90402338,1.866666667,1.655363974,1.289687629,2.458245705,4.733333333,2.116166562,3.970868749,5.521797918,3.433333333,2.358891226,2.618121397,4.284411937
13,riba,neutral,20.90322581,14.81970499,15.47509534,26.24077563,2.258064516,1.50483093,1.705749115,2.789347659,3.612903226,2.092485274,2.916447456,4.300391253,4.419354839,2.349101865,3.637083276,5.223368337
14,altair ez2,neutral,23.5483871,18.72758876,17.26773664,29.92581175,1.548387097,0.809885164,1.269861004,1.832719641,3.935483871,2.174633822,3.189305086,4.697985236,4.64516129,2.199217847,3.875415992,5.393358201
15,aimec 4,masculine,46.66666667,27.79150619,36.7156615,56.85447183,2.333333333,2.005738893,1.66621029,3.026323043,4.066666667,2.116166562,3.312985855,4.811680812,3.866666667,2.445732854,3.015618312,4.745848355
16,zenbo,neutral,17.25806452,21.3306786,10.24920943,24.26962928,2.225806452,1.521176681,1.703786092,2.760020359,3.774193548,2.011793187,3.100232987,4.475702497,5.35483871,1.906976439,4.688290716,6.011322187
17,kirobo,masculine,14.23333333,8.471792276,11.20442532,17.11130801,1.566666667,1.104327954,1.181657342,1.963209324,6.033333333,1.129031728,5.629003683,6.436662984,2.6,1.693802089,1.965274687,3.211725313
18,pepper,neutral,25.3,13.5497805,20.63258643,29.7367469,3.4,2.222145593,2.595350179,4.168983154,2.933333333,2.132399221,2.184220158,3.675046509,3.8,2.455114296,2.95837445,4.632558883
19,romeo,masculine,34.26666667,19.69234637,27.43346786,40.74386548,1.666666667,1.093344547,1.275081719,2.056184948,6.133333333,1.525266135,5.602996273,6.68513706,2.7,2.135900036,1.953545446,3.48712122
20,aida,neutral,26,23.48474682,17.78502069,33.60001157,3.451612903,1.997310019,2.760703507,4.14316746,2.35483871,1.539445508,1.839529444,2.895438298,4.419354839,2.187451996,3.645040389,5.168443482
21,darwin-op,masculine,23.29032258,20.67880323,15.91557812,30.28106704,2,1.316561177,1.546890739,2.470528616,4.548387097,1.91204445,3.878766617,5.197233383,3.774193548,2.261410731,2.98523761,4.579084971
22,mobiserv,feminine,51.23333333,19.08363324,44.13219038,58.05154295,5.433333333,1.924135871,4.763682362,6.084184304,1.866666667,1.455864084,1.342422864,2.391977136,2.666666667,2.005738893,1.974573948,3.359092718
23,robonaut,masculine,40.61290323,11.67241026,36.40551806,44.69357871,1.903225806,1.274227575,1.469823277,2.347918659,4.935483871,1.931070236,4.22748742,5.612770644,3.903225806,2.314517066,3.077583372,4.698481144
24,zeno,masculine,20.19354839,16.01961164,13.95466636,25.59333364,1.129032258,0.340777101,1.010657098,1.243536451,6.483870968,0.961629442,6.158527931,6.813665617,1.612903226,1.28263841,1.156075657,2.051214666
25,han,masculine,52.35483871,8.150862478,49.57463326,55.02136674,1.032258065,0.179605302,0.971059237,1.094102053,6.64516129,1.141589158,6.279829338,7.027590017,1.225806452,0.616964473,1.007929325,1.434457772
26,albert einstein hubo,masculine,73.16129032,14.54211533,68.53532408,78.27319205,1.096774194,0.538815906,0.902776581,1.281287936,6.870967742,0.56225353,6.681968025,7.062031975,1.64516129,1.582158591,1.141999132,2.17245248
27,poppy,feminine,37.1,16.17437309,31.21428221,42.60638446,4.3,2.053592311,3.563222624,5.007710709,1.966666667,1.376736104,1.482635164,2.468031502,4.4,2.222145593,3.642534223,5.196332443
28,telenoid,neutral,26.38709677,19.00820423,20.40726022,32.69596559,2.612903226,1.99461641,1.902101804,3.313962712,3.806451613,2.197261247,3.023843639,4.549253135,4.483870968,2.15825497,3.741356182,5.272643818
29,topio,masculine,43.74193548,12.07191711,39.53785737,48.04304585,1.193548387,0.654184217,0.956714907,1.425801222,6.677419355,0.791079295,6.406591605,6.972763234,1.806451613,1.492634245,1.277473629,2.332139274
30,discorobo,neutral,13.96666667,11.03750138,9.927815503,17.67805116,3.233333333,2.176414852,2.473658211,3.984208456,3.733333333,2.303420745,2.924132089,4.537267911,4.2,2.551537738,3.278056257,5.112477076
31,inmoov,masculine,37.63333333,12.62860282,33.294899,42.110701,2.866666667,2.046583921,2.139400258,3.561866409,4.5,2.34520788,3.684330019,5.353403315,3.166666667,2.182743186,2.363266864,3.924466469
32,kismet,masculine,48.23333333,21.5145233,41.03206011,55.49487323,1.966666667,1.629117242,1.392192034,2.534074633,4.4,2.283373185,3.573875474,5.223591192,4.1,2.411895806,3.286072246,4.941527754
33,nexi,masculine,45.51612903,34.70050045,33.47078066,57.03334837,1.903225806,1.300124064,1.472217045,2.343266826,4.903225806,1.795454236,4.269603194,5.496783902,3.774193548,2.077011915,3.075149661,4.439560016
34,pino,neutral,25.83870968,13.69695045,21.37355965,30.57250487,2.870967742,1.802626519,2.264592954,3.491471562,3.967741935,1.940513179,3.297194907,4.622805093,3.612903226,2.260935195,2.819517435,4.395901919
35,valkyrie,masculine,41.29032258,18.88772714,34.83662328,47.86363478,2.419354839,2.094026322,1.681004039,3.158802413,4.741935484,2.308935425,3.931122515,5.499135549,3.193548387,2.271847337,2.360743421,3.997772708
36,atlas,masculine,41.29032258,14.22484575,36.02394735,46.42456878,1.935483871,1.459120371,1.438888985,2.439240048,4.096774194,2.285531867,3.303937122,4.886449974,4.064516129,2.322864379,3.240785478,4.881859684
37,mertz,feminine,25.12903226,22.77094923,17.05849882,33.10330763,4.096774194,2.226429709,3.332110087,4.896147978,2.677419355,1.59973116,2.127615801,3.205351941,4.451612903,2.248535963,3.621859231,5.27194722
38,eccerobot,neutral,56.93548387,20.10130258,49.34552679,64.62466676,1.838709677,1.416492715,1.365784975,2.331247283,3.741935484,1.94880719,3.041440022,4.441011591,5.129032258,1.978921179,4.471181426,5.809979864
39,hiro,masculine,37,14.65605677,31.65729383,41.94038359,1.258064516,0.575484835,1.057391627,1.454543857,5.322580645,1.85089342,4.681367075,5.96437486,3.64516129,1.871690628,2.994709582,4.300580741
40,pr2,neutral,50.23333333,17.54341085,43.89588718,56.07397948,2,1.681542806,1.402450679,2.585682654,3.8,2.325273436,2.979810041,4.657123293,4.166666667,2.692048743,3.233855719,5.095944281
41,mirae,neutral,50.58064516,26.74169553,40.64254379,59.2938433,1.903225806,1.445794792,1.409317049,2.391908758,2.870967742,2.093512765,2.118197151,3.570318978,5.387096774,1.856114568,4.761422976,6.022125411
42,mip,masculine,26.32258065,18.52275555,19.23579103,32.60743478,2.064516129,1.481789096,1.549805156,2.593485167,4.096774194,2.071309388,3.377409929,4.791235232,4.387096774,2.011258633,3.705601408,5.075301818
43,icat,neutral,19.22580645,21.13560925,11.79580415,26.38406682,2.419354839,1.522589758,1.913832823,2.932941371,3.225806452,1.94438812,2.52566103,3.908403486,5.741935484,1.750575942,5.14216324,6.324481921
44,tico,neutral,45.83870968,25.58918622,36.88534698,54.50304012,2.612903226,2.07649415,1.922924654,3.348107604,3.032258065,2.008048322,2.335777582,3.736738547,4.516129032,2.111412919,3.77565952,5.295824351
45,sota,neutral,12.36666667,11.88010024,7.821039329,16.54936067,2.833333333,1.895245109,2.186176942,3.495556392,4,2.117252611,3.237495471,4.749237862,4.5,2.300674564,3.684938021,5.288661979
46,domo,neutral,53.74193548,22.87643291,45.24310536,61.82321722,1.870967742,1.586231078,1.311184548,2.41784771,3.709677419,1.847404456,3.072825883,4.329754762,4.967741935,2.105292869,4.232174012,5.654858246
47,furhat,masculine,31.25806452,15.63322902,26.02896875,36.37799899,1.612903226,1.25638156,1.177727887,2.055304372,6.193548387,1.327136136,5.726785035,6.64579561,2,1.693123347,1.380950409,2.599049591
48,muu,neutral,28.6,22.67400152,20.53293804,36.31586196,2.533333333,2.19298778,1.756960526,3.340639474,2.2,1.900997923,1.55019912,2.850934214,5.266666667,2.347901974,4.474285576,6.090514424
49,emuu,neutral,19.5483871,21.68845885,12.04516417,26.95522293,2.096774194,1.738866273,1.506653413,2.69012078,3.967741935,2.258079877,3.16112129,4.722814194,4.516129032,1.997848305,3.834587274,5.235670791
50,maggie,neutral,39.74193548,28.47802397,29.69259929,49.28972329,2.64516129,1.889415908,2.017309146,3.296561822,3.580645161,2.078047057,2.906723484,4.283276516,3.967741935,2.483060893,3.116237549,4.806343096
51,robothespian,masculine,50.4516129,18.16744104,43.91676832,57.11858652,2,1.549193338,1.466717895,2.510314363,5.290322581,1.88314539,4.637059648,5.927779062,3.806451613,2.301004923,2.990011795,4.607149495
52,aryan,feminine,51.3,19.08266952,44.69918024,57.97255309,5.066666667,2.049950939,4.351007859,5.772658808,1.9,1.626292589,1.338120779,2.461345888,2.833333333,2.379268699,2.033996382,3.672536951
53,emys,masculine,48.7,19.48323771,42.04647068,55.66752932,3,2.051072049,2.292693093,3.719906907,4.133333333,2.300424748,3.312475567,4.990324433,3.566666667,2.314621192,2.753816339,4.357850327
54,qrio,neutral,29.03225806,21.59549933,21.82142478,36.86993006,1.870967742,1.543630687,1.373969472,2.37983698,4,2.097617696,3.28544048,4.713591778,4.709677419,2.178585908,3.957625043,5.428568505
55,irobi-q,neutral,18.58064516,14.98615849,13.097105,23.55902404,3.483870968,2.014463828,2.794435167,4.149887414,2.709677419,1.829272139,2.093840778,3.346159222,4.548387097,2.126635993,3.774262438,5.337479497
56,PaPeRo,masculine,10.83870968,14.29474676,6.449560907,15.60992296,1.903225806,1.220787689,1.46540711,2.318205793,4.096774194,2.087340233,3.376479777,4.822294416,4.451612903,2.277991947,3.663953892,5.243917076
57,icub,masculine,18.96774194,15.11176996,13.97672294,24.23695448,2.548387097,1.804415135,1.917295714,3.194962351,4.129032258,2.093512765,3.407668941,4.869943962,3.64516129,2.106314112,2.92774159,4.319161636
58,hovis genie,masculine,20.76666667,13.93502987,15.58743028,25.63296972,1.6,1.101722789,1.217567449,1.985232551,4.7,2.019730265,3.997487294,5.424112706,3.933333333,2.116166562,3.169678467,4.661388199
59,anette,neutral,43.33333333,18.64612992,36.62099279,49.83207388,3.466666667,2.270247341,2.661509682,4.293890318,2.033333333,1.650148025,1.431285123,2.63144821,5.066666667,2.14850924,4.31197387,5.794159463
60,hovis echo plus,masculine,32.23333333,20.77744688,24.91804848,39.41621819,1.666666667,1.422318004,1.174713445,2.171819888,4.633333333,2.281610643,3.8777302,5.454536466,4.2,2.426861177,3.318001619,5.052731715
61,bina48,feminine,51.16129032,13.05908821,46.66871183,55.33825592,5.35483871,1.723337597,4.739623576,5.939860295,2.548387097,1.748117267,1.935891705,3.141205069,2.161290323,1.827507851,1.545090992,2.817812233
62,sophia,feminine,50.43333333,14.82701015,45.23221678,55.78164989,5.833333333,1.782739723,5.194219018,6.456514316,1.9,1.709002532,1.302580764,2.523085902,2.233333333,1.79430773,1.592976977,2.83848969
63,nimbro-op humanoid,neutral,30.43333333,15.88901884,24.65124523,36.52102144,2.366666667,1.731718965,1.750438873,2.99089446,3.766666667,2.223438365,3.002397939,4.534735394,4.366666667,2.173243775,3.626342291,5.167457709
64,Cosero,masculine,42.8,11.63348319,38.78092996,46.8901367,1.2,0.484234198,1.026257099,1.370542901,6.566666667,0.858359837,6.274289956,6.857843378,2.466666667,2.046583921,1.721335763,3.211130904
65,flobi,feminine,41.4,14.79655132,36.22039566,46.85720434,6.1,1.539144411,5.564108565,6.637758101,1.533333333,1.547708725,0.991419276,2.063580724,2.4,2.010318211,1.663120265,3.160079735
66,tjbot,neutral,22.06666667,26.7206924,13.63178982,30.70954351,1.533333333,1.224275531,1.090513215,1.951953452,3.366666667,2.355965771,2.54189101,4.19790899,5.433333333,2.144493081,4.691622254,6.155644413
67,durus,neutral,38.90322581,12.52558672,34.61787793,43.24818659,1.774193548,1.334408169,1.315056508,2.236169299,3.387096774,2.185976812,2.640599669,4.177593879,5.774193548,1.564388644,5.257523809,6.300153611
68,socibot mini,feminine,40.86666667,10.44768027,37.38123934,44.28516066,4.633333333,2.355965771,3.811779495,5.455420505,3.366666667,2.442205523,2.499606725,4.230859941,2.4,1.83077146,1.778502071,3.044097929
69,socibot,masculine,36.22580645,14.76868235,31.1442075,41.43205057,2.741935484,2.06507049,2.032566738,3.475046165,4.612903226,2.17067454,3.861202502,5.382668466,3.838709677,2.31079747,3.058176818,4.610984472
70,cozmo,neutral,32.19354839,20.28039999,25.45203278,39.19583819,1.35483871,0.754912229,1.098666742,1.619010677,3.35483871,2.374143875,2.549453385,4.190546615,5.096774194,2.399372678,4.261254895,5.914422525
71,gocart,neutral,47.66666667,19.48533194,41.14200025,54.40546642,1.533333333,1.224275531,1.108185495,1.970547839,1.866666667,1.676065453,1.291282336,2.440517664,5.5,2.34520788,4.674640336,6.305226331
72,Human Safe Hapic Telepresence Robot,neutral,37.7,17.88304919,31.4779166,43.8720834,1.666666667,1.561019413,1.117576178,2.212357156,3.033333333,2.385058856,2.212491366,3.873508634,6,1.856953382,5.316413731,6.665719602
73,hrp-2vz,masculine,38.35483871,18.68430426,31.93798631,44.6408524,2.193548387,1.720840005,1.573221687,2.8043267,4.741935484,2.220626667,3.968549723,5.49222447,3.193548387,2.38634106,2.357387351,4.017709423
74,kuri,neutral,25.35483871,24.86704431,16.80797563,33.88789534,3.290322581,2.068712134,2.575736875,4.033359899,2.838709677,2.099154976,2.135175939,3.589275674,4.741935484,2.220626667,3.974604717,5.51662109
75,big-i,neutral,36.16129032,27.29602752,26.79676773,45.21832904,1.709677419,1.636939184,1.124120789,2.285298566,2.483870968,2.142754734,1.742583542,3.225416458,5.806451613,2.006977077,5.129013967,6.505244098
76,murata girl,feminine,25.16129032,15.84318313,20.15408748,30.20655768,5.612903226,1.333602123,5.160195773,6.06741713,1.741935484,1.12450706,1.350169726,2.141314145,3.258064516,1.861321071,2.620305152,3.887952912
77,talos,masculine,39.35483871,17.4843709,33.50796703,45.6049362,1.806451613,1.600403175,1.275167698,2.351154883,4.387096774,2.060378919,3.679714449,5.110285551,3.64516129,2.317302844,2.846243226,4.511563225
78,tiago,neutral,46.67741935,23.22267153,38.65688577,54.78827552,2.096774194,1.757931336,1.495594869,2.695824486,2.709677419,2.132190554,1.98493122,3.439972006,5.290322581,2.147767032,4.520127151,6.059034139
79,reem,masculine,50.26666667,13.31303052,45.59211045,54.98708955,2.7,1.859736726,2.049789753,3.336010247,4.133333333,2.315365962,3.306149599,4.934383734,3.8,2.510666899,2.934259728,4.683606938
80,reem-c,masculine,42.12903226,13.56648305,37.11883918,47.15793501,1.322580645,0.540807839,1.142252025,1.51316733,5.129032258,2.045188426,4.440752491,5.830215251,3.225806452,2.246622315,2.452491905,3.999508095
81,robovie mr2,neutral,20.16666667,14.60770541,15.03003279,25.20130054,1.933333333,1.529780993,1.416403435,2.470929899,3.9,2.233753606,3.122665456,4.697134544,4.533333333,2.596195271,3.644105955,5.449360712
82,panda,neutral,43.80645161,23.06139538,36.19611591,51.84491635,1.580645161,1.58690881,1.047771875,2.13764748,1.741935484,1.413453028,1.242958791,2.229299273,5.903225806,1.972390068,5.211398167,6.589311511
83,sawyer,masculine,30.61290323,16.61460687,24.35667888,36.80977273,1.64516129,1.141589158,1.279515818,2.029258376,4.096774194,2.196282294,3.355540308,4.822782272,4.903225806,2.241351359,4.129925807,5.664525806
84,hub,neutral,14.70967742,15.62091237,9.127240655,19.97598515,2.419354839,1.803222921,1.811658999,3.04885713,2.548387097,1.748117267,1.937954397,3.135142378,5.483870968,1.912606733,4.802681644,6.153899001
85,mykie,neutral,26.87096774,21.68677314,19.19228569,34.01364979,1.580645161,1.258946479,1.131272655,2.028598313,2.483870968,2.142754734,1.776958532,3.22084792,5.838709677,1.675246732,5.225792121,6.437820782
86,talk torque 2,feminine,49.96774194,17.49949308,44.48208955,55.84062013,4.774193548,2.108865057,4.052036179,5.511383176,2.419354839,1.708297272,1.853955649,3.0022379,3.838709677,2.237510137,3.093758598,4.599531725
87,animated smart phone,neutral,16.80645161,20.16667111,9.692542002,23.66719993,2.64516129,1.941621094,1.94064282,3.328002342,2.548387097,1.728943987,1.955255608,3.142034714,5.612903226,1.782833313,5.016764012,6.211816634
88,manoi pf01,masculine,14.22580645,9.283353121,10.81531135,17.51101124,2.064516129,1.711441573,1.45279647,2.673655143,5.129032258,1.875134404,4.516825051,5.781239465,3.709677419,2.268531807,2.930370273,4.443887792
89,gemini,feminine,34.09677419,26.07854142,25.12917569,43.39250172,4.612903226,2.231254047,3.836145629,5.399273726,2.741935484,1.879144166,2.061907776,3.445576095,3.838709677,2.267109381,3.099828997,4.622687132
90,manoi at01,masculine,35.66666667,23.73609696,26.93199128,43.83040872,1.566666667,0.935260736,1.246164289,1.880169045,5.333333333,1.971054913,4.638932442,6.022267558,3.466666667,2.542512107,2.571859599,4.329740401
91,hrp-4,masculine,36,13.54990775,31.18136166,40.64547705,1.741935484,1.50483093,1.221140031,2.27550513,4.838709677,2.252358382,4.035794726,5.623173016,3.677419355,2.357782811,2.865381669,4.463779622
92,kobian,masculine,50.36666667,11.63373019,46.25849817,54.16830183,2.533333333,1.925031721,1.897587916,3.173145417,4.266666667,2.347901974,3.410313496,5.054219837,4.066666667,2.333169124,3.217543944,4.851589389
93,emiew2,feminine,20.38709677,13.94913957,15.14707647,25.19227837,4.548387097,1.997310019,3.883915659,5.271374664,3.322580645,1.85089342,2.675885186,3.947921266,3.580645161,2.125624513,2.849245378,4.316109461
94,millennia,neutral,30.06666667,18.11635446,23.87816533,36.31023467,3.5,2.208916102,2.716590972,4.290009028,3.166666667,2.182743186,2.396965638,3.937434362,3.733333333,2.490441497,2.819864571,4.643402096
95,JD Humanoid,masculine,10.5483871,12.38504127,6.349306538,14.72940314,2,1.341640786,1.544242065,2.472209547,4.451612903,2.126635993,3.703572108,5.186750473,4.096774194,2.41322521,3.20082945,4.986525389
96,felix,masculine,74.03333333,19.54390871,67.19682465,80.56424201,1.9,1.446756181,1.411068112,2.379665221,4.433333333,2.112088904,3.687537187,5.155729479,4.333333333,2.248882226,3.595306625,5.112493375
97,flash,neutral,48.9,19.46234206,42.21285706,55.59140961,3.166666667,2.150915336,2.415722123,3.902477877,3.933333333,2.347901974,3.11375451,4.75924549,3.933333333,2.347901974,3.095903929,4.759562737
98,personal robot,feminine,29.41935484,9.322997349,26.05901759,32.59156306,5.774193548,1.783436335,5.152623796,6.385311688,1.483870968,0.851311449,1.187883078,1.769278213,2.516129032,2.047290368,1.781424801,3.26722036
99,anybot,neutral,41.16129032,22.49755064,33.21518606,49.43991071,2.064516129,1.84274223,1.400318194,2.701939871,3.258064516,2.32332724,2.462240442,4.079501493,5.032258065,2.387242076,4.206904665,5.862901787
100,h5,neutral,53.67741935,22.7484609,46.25225223,60.99329616,1.548387097,1.178663358,1.136252285,1.967296102,3.935483871,2.249970131,3.13909256,4.752713891,4.709677419,2.268531807,3.873701333,5.518105119
101,hospi,feminine,26.35483871,19.22073253,19.95731506,32.78113655,4.096774194,2.211407376,3.307559225,4.867666582,2.580645161,1.478156364,2.062086762,3.101010012,3.741935484,2.32332724,2.941329425,4.574606059
102,nextage,neutral,47.2,16.33992361,41.08928797,53.1301787,2.066666667,1.700574616,1.486715452,2.665951215,3.566666667,2.299675139,2.739044793,4.407821874,5.3,1.985290737,4.597703286,5.981563381
103,dru,neutral,24.56666667,16.92311892,18.93397261,30.59562739,2.3,1.664020888,1.701973107,2.86669356,2.533333333,1.942861972,1.873128604,3.194138062,5.533333333,1.833281086,4.906046049,6.195753951
104,s-one,masculine,44.29032258,16.18269353,38.53715012,50.14117246,1.387096774,0.667204084,1.15940306,1.618855004,4.580645161,2.232699316,3.788916042,5.325535571,4.096774194,2.256174324,3.343132588,4.868028702
105,surena III,masculine,45.66666667,13.88954788,40.79013566,50.27746434,2.366666667,1.629117242,1.753818315,2.940515019,4.166666667,2.422357548,3.284289831,5.026843502,4.533333333,2.56949389,3.623828958,5.432104375
106,acyut,masculine,51.74193548,21.44911458,44.53429887,59.33486242,1.35483871,0.98483119,1.000472222,1.709979391,4.903225806,2.357326716,4.082490967,5.724412258,3.870967742,2.41856618,3.056827177,4.701366372
107,aila,feminine,44.12903226,9.660027383,40.76182552,47.36178738,6.516129032,0.769023959,6.252194234,6.779676734,1.129032258,0.427546137,0.987035978,1.275480151,1.709677419,1.160274346,1.3207324,2.100557922
108,ami,neutral,36.38709677,18.22576458,30.22103371,42.90451467,2.258064516,1.769514848,1.652055274,2.884783435,3.870967742,1.99569429,3.196288576,4.544485617,4.064516129,2.032002032,3.369424124,4.741285553
109,moro,neutral,38.06451613,17.52319507,31.9152691,44.26718251,2.387096774,1.801433121,1.787900425,2.986035058,2.35483871,1.761597515,1.699724434,2.961178792,5.903225806,1.850312383,5.273176095,6.549856163
110,eywa e1,neutral,26.35483871,19.19991039,19.33496053,33.16168463,1.870967742,1.477428746,1.350406451,2.404496775,2,1.570562532,1.488975782,2.529282282,5.935483871,1.86074329,5.27964208,6.561648243
111,5e nanny bot,neutral,35.63333333,27.5549399,25.52997417,45.06255917,1.933333333,1.25762045,1.488343251,2.382856749,3.733333333,2.14850924,2.971206219,4.477727114,5.066666667,2.258063457,4.316920211,5.868146456
112,leka,feminine,8.451612903,9.868599055,5.141609774,12.00084184,4.387096774,2.201172708,3.62793822,5.179416619,2.064516129,1.459120371,1.539463739,2.595116907,4.161290323,2.281765021,3.383247949,4.903977858
113,cutii,neutral,28.06451613,21.75306183,20.32076798,35.38981266,1.870967742,1.431594344,1.376693714,2.361499835,3.709677419,2.003223209,2.994474259,4.412622515,4.677419355,2.196771825,3.932385291,5.458259871
114,heasy,neutral,26.70967742,20.82017219,19.24644825,33.62658401,1.806451613,1.249516035,1.380030324,2.229840644,2.516129032,1.78644839,1.876871243,3.139451337,5.935483871,1.69185271,5.359421995,6.541803812
115,yumi true smart,neutral,13.35483871,19.24672853,6.328760667,20.08298127,2.451612903,1.96364813,1.728477177,3.179006694,3.935483871,1.931070236,3.275105202,4.597475443,4.548387097,2.263311875,3.785367655,5.326567829
116,tapia,neutral,18.76666667,19.68840606,11.98456891,25.78449776,1.8,1.323527158,1.34339198,2.247541354,3.333333333,2.248882226,2.533383034,4.112216966,5.166666667,2.229633236,4.361870766,5.9637959
117,posy,feminine,31.25806452,25.58380704,22.80056181,40.5582769,5.032258065,2.121066885,4.249000084,5.792806367,2.032258065,1.448766624,1.519184567,2.563138014,3.193548387,2.182038112,2.427663869,3.946400647
118,furo,feminine,33.38709677,11.58642142,29.3730613,37.37661611,6.419354839,0.885971916,6.112036667,6.734931075,1.064516129,0.249731038,0.977958672,1.149202619,2.129032258,1.543630687,1.577075862,2.672085428
119,furo i-home,neutral,26.8,26.71742296,16.79183431,36.02469903,2.266666667,1.760355241,1.649005403,2.882794597,3.966666667,2.355965771,3.161443839,4.778689494,4,2.463527048,3.116951549,4.867315117
120,jimmy,masculine,30.80645161,31.38409295,20.14721988,41.4867156,1.483870968,0.851311449,1.189186519,1.776813481,4.225806452,2.140244183,3.494415697,4.975584303,4.677419355,2.300537572,3.915264442,5.420025881
121,mung,neutral,30.56666667,27.81302515,21.01225356,40.30067977,2,1.911850521,1.361062812,2.677337188,1.966666667,1.691425298,1.35312905,2.54727095,6.533333333,1.332183412,6.060426873,7.018039793
122,mabu,neutral,17.48387097,14.83210699,11.99160651,22.89587736,3.548387097,2.263311875,2.776178188,4.36085407,2.612903226,1.782833313,2.035488421,3.189027708,4.677419355,2.314981595,3.878185459,5.437362929
123,mitra,neutral,38.93548387,16.51854611,33.48319266,44.4022267,1.580645161,1.148163564,1.17234858,1.975909484,3.774193548,2.418121549,2.964796467,4.610171274,4.677419355,2.300537572,3.892708688,5.500194538
124,quori,neutral,41.87096774,21.13250567,34.47071361,49.09186703,3.419354839,2.262361503,2.681190988,4.213196108,2.516129032,1.85958719,1.886866592,3.112746312,4.419354839,2.217719452,3.675195615,5.150997934
125,babyloid,neutral,3.322580645,4.036393578,1.896284922,4.721521529,2.612903226,1.856114568,1.934046511,3.23259865,2.774193548,1.978377743,2.104362334,3.43273444,4.903225806,2.196282294,4.14275394,5.672342835
126,ira,feminine,38.22580645,12.69306813,33.73849398,42.76034473,5.419354839,1.96255265,4.718377928,6.106396265,1.612903226,1.229564133,1.168245212,2.056980594,2.935483871,2.322864379,2.127485669,3.73903046
127,cassie,neutral,49.70967742,22.20689615,42.22629233,57.2494496,1.548387097,1.150035063,1.151613973,1.946256995,2.64516129,1.992458901,1.979807794,3.306514787,6.129032258,1.431594344,5.643436287,6.628241132
128,r3-1,neutral,27.66666667,23.15961606,18.97906974,35.97133026,3.866666667,2.1772069,3.081389209,4.606477458,3.1,2.202662965,2.339748554,3.870918112,3.533333333,2.224213667,2.7495783,4.324955033
129,troy,masculine,26.29032258,15.02707234,21.30242341,31.4964153,2.258064516,1.861321071,1.578087184,2.925719268,4.35483871,2.025642073,3.669041112,5.069410501,3.774193548,1.94438812,3.119255051,4.429390111
130,bandit II,masculine,45.29032258,16.8586151,39.45947085,51.04659367,2.096774194,1.53524892,1.602921013,2.633982213,5.032258065,1.870541294,4.363481601,5.683615173,3.709677419,1.829272139,3.058144516,4.356371613
131,sparki,neutral,34.43333333,28.74223533,24.35483253,44.67836747,2.166666667,1.620628514,1.602055223,2.723744777,2.866666667,2.029665054,2.144897291,3.569902709,5.066666667,2.116166562,4.293383427,5.814549906
132,maki,neutral,26.7,22.33159197,18.70927057,34.9121961,2.433333333,1.813423764,1.783173283,3.063226717,3.7,2.183796125,2.935452784,4.494213883,4.233333333,2.344227442,3.347638347,5.081161653
133,homemate,neutral,53.76666667,19.70941195,46.91019311,60.45274022,1.8,1.349329335,1.294428159,2.283238508,2.066666667,1.855715,1.440418554,2.700114779,6.166666667,1.662638811,5.581061281,6.766005386
134,eyepi,neutral,49.4516129,28.02122851,39.49396412,58.92319717,1.612903226,0.989188872,1.269379136,1.968298283,2.387096774,1.646762872,1.852507256,2.964266938,6.161290323,1.319009077,5.718363685,6.617507283
135,reeti,neutral,38.03225806,28.80449487,27.85002074,49.01849539,2.322580645,1.85089342,1.676711417,2.96251439,2.967741935,2.258079877,2.129913931,3.805892521,4.677419355,2.413670742,3.848450965,5.537484519
136,hitchbot,masculine,33.66666667,15.73779403,27.86979033,39.451543,1.633333333,0.889917987,1.302041061,1.945425606,4.866666667,2.046583921,4.151655227,5.569144773,3.933333333,2.164499358,3.161157095,4.707309572
137,E3,masculine,42.12903226,15.37257718,36.57521802,47.19020134,1.387096774,0.615219167,1.165683782,1.602574283,5.483870968,1.729565798,4.885686961,6.128893684,3.096774194,2.055153501,2.360159849,3.814743376
138,Reddy,masculine,38.67741935,16.38370552,33.26885082,44.60598789,1.580645161,1.088552358,1.224270633,1.947922916,5.35483871,1.684208758,4.763841151,5.938997559,3.193548387,2.135717753,2.458528947,3.949793633
139,autom,neutral,14.67741935,18.47229835,7.950563996,21.25833923,2.612903226,1.801433121,1.990831353,3.222200905,3.806451613,1.922140384,3.114732742,4.486880162,4.548387097,2.062986665,3.848304505,5.260598721
140,snackbot,feminine,49.90322581,20.49285215,42.68432062,57.22677615,4.967741935,1.974569505,4.277793269,5.653819634,1.741935484,1.12450706,1.345548428,2.128451572,3.322580645,1.972935153,2.646564622,3.992016023
141,amigo,neutral,49.74193548,19.02273682,43.10560232,56.55762348,3.032258065,2.08939977,2.338715634,3.755284366,2.64516129,1.644148961,2.11461206,3.204613747,5.290322581,1.847404456,4.672521062,5.947672486
142,hermes,masculine,46.29032258,22.2937862,38.60706275,54.46016306,1.322580645,0.791079295,1.036051111,1.604206953,5.225806452,1.606438658,4.686276755,5.790045826,4.258064516,2.235587051,3.447905033,5.012740128
143,armar,masculine,55.7,20.69507688,48.54571014,62.91748986,2.1,1.68870487,1.482046779,2.667086554,5,2.034190511,4.310474251,5.691859083,3,2.149578948,2.218650071,3.760349929
144,loomo,neutral,26.58064516,19.06265843,20.55553802,32.92433295,1.580645161,0.958269049,1.250984165,1.906628738,3.225806452,1.856693789,2.582529828,3.845921785,5.580645161,1.910919387,4.954001969,6.201481902
145,eva,neutral,51.93548387,24.96922837,43.3525223,60.29263899,1.935483871,1.54780455,1.385354395,2.475290766,2.774193548,1.961456558,2.088946651,3.442408188,5.451612903,1.767082524,4.837988464,6.070785729
146,robohon,masculine,14.25806452,9.946415575,10.93074108,17.64771053,2.161290323,1.61445087,1.616629073,2.699951572,4.580645161,2.094026322,3.876099709,5.298803517,3.903225806,2.426998678,3.025195071,4.757514607
147,Meka M1 mobile manipulator,neutral,38.06666667,24.02001081,29.89342091,46.39884576,2.433333333,1.95965045,1.768923858,3.130609475,2.6,1.792705526,1.996198814,3.250467853,4.8,2.340055997,3.947920155,5.601013178
148,Cody,neutral,63,22.35142516,55.10043769,70.40689564,1.766666667,1.45467933,1.267166595,2.289966738,2.9,2.056947856,2.125747918,3.602185416,5.2,2.265178687,4.405279281,6.045654052
149,telubee,neutral,32.41935484,28.68539023,21.89295452,42.77930354,2.096774194,1.640220284,1.537440918,2.675139727,2.483870968,1.85958719,1.837175225,3.133921549,6.225806452,1.499103675,5.705524084,6.745314626
150,milo,masculine,20.23333333,18.34099109,13.79833246,26.79126754,1.366666667,0.964305479,1.024853118,1.705680216,6.266666667,1.436790805,5.759943647,6.744789686,1.833333333,1.662638811,1.260478597,2.402588069
151,topio dio,masculine,42.12903226,15.90333704,36.50391065,47.43518612,1.193548387,0.542792461,1.011582163,1.384417837,6.258064516,0.998924152,5.91325971,6.600546742,2.161290323,1.392761626,1.68226908,2.639408339
152,twendy one,masculine,35.64516129,17.68530159,29.30311504,41.27391721,1.806451613,1.301777115,1.356837261,2.259162739,4.096774194,2.226429709,3.335811955,4.897091271,4.580645161,2.141248756,3.830201763,5.288120818
153,wakamaru,feminine,43.8,19.20021552,37.38353639,50.01753028,4.333333333,1.988472526,3.617777247,5.011022753,2.9,1.826056614,2.256921227,3.538878773,3.566666667,2.329471352,2.764615021,4.353051645
154,herb,neutral,49.25806452,15.01103537,43.71255359,54.88254318,1.870967742,1.543630687,1.318013545,2.402825165,3.290322581,2.147767032,2.535533153,4.034144266,4.935483871,2.365522971,4.098107191,5.739505712
155,e-nuvo,feminine,33.83870968,15.9438531,28.33085389,39.74269449,5.129032258,1.927726389,4.428165824,5.821576112,2.322580645,1.514091516,1.777186561,2.855265052,3.161290323,1.951012971,2.469343938,3.834914127
156,robina,feminine,51.32258065,11.05859273,47.78641195,55.13165257,6.129032258,1.056470081,5.764650163,6.492640159,1.129032258,0.340777101,1.006647358,1.248513932,2.096774194,1.53524892,1.565908734,2.615510621
157,Toyota musical partner robot,neutral,38.12903226,13.88462443,33.24641593,43.24442278,3.741935484,2.12865751,3.010921808,4.486562063,2.935483871,2.064549731,2.206105109,3.664927149,3.709677419,1.98651367,3.032356615,4.36138532
158,mahru,masculine,27.5483871,17.93662679,21.40179436,33.97252822,1.709677419,1.039023528,1.354203,2.056764742,4.838709677,1.951012971,4.159380331,5.489071282,3.903225806,2.0388696,3.179503808,4.627980063
159,manav,masculine,33.16666667,25.76964712,24.20792661,42.07634006,2.233333333,2.011747111,1.523976873,2.932223127,4.466666667,2.431592827,3.62283615,5.321230516,3.733333333,2.377093753,2.887585526,4.581147807
160,musio,neutral,17.03333333,11.62780061,13.26015442,21.19424558,2.133333333,1.382983615,1.645390757,2.626275909,3.233333333,1.95965045,2.577119605,3.903080395,5.033333333,2.189053225,4.253726495,5.803006838
161,roboy,masculine,19.03225806,18.2144336,12.93304782,25.44011347,2.096774194,1.719589849,1.504172477,2.673698491,4.709677419,2.019794517,3.993885479,5.418888714,3.709677419,2.224013615,2.956961806,4.480522065
162,hoap 3,masculine,41.03333333,19.0959164,34.45711195,47.78102138,1.9,1.322223832,1.4265257,2.373940966,4.866666667,1.960530071,4.197780696,5.60028597,4,2.197176872,3.177401703,4.778264963
163,rollin justin,masculine,41.2,18.98892599,34.38386836,47.92533164,1.733333333,1.337350271,1.286085708,2.185980958,5.766666667,1.381736372,5.308541342,6.250791992,2.566666667,1.95965045,1.871797996,3.258002004
164,aido,neutral,21.16666667,13.6383924,16.34020502,26.03579498,2.766666667,1.887953341,2.095726522,3.436273478,2.9,2.090207051,2.17475768,3.634708987,4.9,2.309649921,4.091878621,5.687454713
165,roboray,masculine,23.06451613,14.75564408,17.99520498,27.96105308,1.870967742,1.477428746,1.342678425,2.387257059,4.935483871,2.032002032,4.216028201,5.663907283,3.967741935,2.330720503,3.163264183,4.782735817
166,ciros,masculine,33.12903226,16.08258258,27.59760363,38.54149315,1.612903226,0.954896831,1.274983901,1.933532228,4.35483871,1.958713644,3.676093962,5.04887378,4.290322581,2.052535804,3.558771099,5.031099868
167,kibo,neutral,33.8,13.35044878,29.14232668,38.17500666,3.8,2.295422732,2.989670916,4.592595751,3.5,2.315614166,2.714680975,4.300185691,3.5,2.285637314,2.693024652,4.335642014
168,silbot-3,neutral,20.70967742,14.27630566,15.97494961,25.64337297,2.870967742,1.944941053,2.188222741,3.585519195,3.677419355,1.989758725,2.978967637,4.383742041,4.225806452,2.348186214,3.397983896,5.055564492
169,sociable trash box,neutral,50.16666667,33.0277661,38.6467536,61.47711307,1.266666667,0.691491807,1.036839642,1.509560358,2.033333333,1.828572711,1.358880231,2.695053102,5.4,2.4154674,4.545508983,6.245691017
170,ethon 2,neutral,48.43333333,24.95745806,40.02778403,56.86488264,1.566666667,1.040004421,1.181066958,1.949466375,2.5,2.046864718,1.792399436,3.256733897,5.866666667,1.942861972,5.169817181,6.578116152
171,mero 3,feminine,42.06666667,18.10112081,35.54149249,48.53490751,4.766666667,1.832340379,4.123320673,5.399479327,2.5,1.833594548,1.838331742,3.155668258,3.433333333,2.358891226,2.630054539,4.251345461
172,sanbot,feminine,48.16666667,18.78936481,41.39367624,54.96299043,5.766666667,1.774985834,5.136937955,6.389595379,1.3,0.595963433,1.095908569,1.508358098,2.733333333,2.28840154,1.913892864,3.544707136
173,ur3,neutral,36.8,21.09649423,29.39537472,44.12182528,1.5,1.306482511,1.075906371,1.949426963,1.733333333,1.638614497,1.166427564,2.312439103,5.9,2.023141974,5.191404572,6.625262094
174,padbot,neutral,38.83870968,25.07335475,29.84960366,47.43607376,1.806451613,1.492634245,1.30297874,2.312053518,2.064516129,1.590293136,1.553439291,2.601528451,6.548387097,1.178663358,6.155136344,6.950024946
175,luna,neutral,42.70967742,22.24888544,34.46512082,50.5925566,3.290322581,2.100691131,2.56313354,4.009253557,2.806451613,1.88713813,2.164197299,3.478899475,4.35483871,2.042031457,3.634363809,5.089636191
176,sphero,neutral,14.64516129,15.46727381,9.25417425,19.91150317,1.35483871,0.950381927,1.032068164,1.679157643,2.741935484,2.250447984,1.965534614,3.576916999,6.064516129,1.6316757,5.508043277,6.608730917
177,ollie,neutral,17,18.95784798,10.47366117,23.39717754,1.290322581,0.69250985,1.040507228,1.534783095,2.096774194,1.757931336,1.484461535,2.71611911,6.193548387,1.536649056,5.670421114,6.722417596
178,meccanoid,masculine,28.5483871,21.10740582,20.77729443,35.82683461,1.451612903,0.722897396,1.198409842,1.708686932,4.290322581,1.918220502,3.621398977,4.943052636,4.548387097,1.894530895,3.876662727,5.225788886
179,tipron,neutral,38.43333333,14.12916605,33.523257,43.319943,2.433333333,2.112088904,1.733413697,3.182186303,2.333333333,1.647010528,1.723041492,2.916491841,5.366666667,2.108821101,4.651276488,6.086056845
180,lego vernie,masculine,25.16666667,15.38266676,19.5982767,30.30558997,1.8,1.270351567,1.371741035,2.262658965,5.5,1.756760341,4.882092836,6.10857383,3.733333333,2.448551061,2.890890834,4.565575833
181,keecker,neutral,28.32258065,24.6175914,19.45115548,36.45671549,1.612903226,1.430091357,1.123760512,2.097981423,1.967741935,1.923258883,1.305867653,2.625809766,6.612903226,1.174093107,6.204277531,7.031851501
182,clocky,neutral,18.7,21.18253998,11.26931209,26.14122124,1.933333333,1.617433756,1.397927791,2.481338876,2.533333333,1.978040363,1.834157847,3.219842153,5.933333333,1.837039097,5.276056259,6.609010407
183,arm-s,neutral,44.61290323,18.99592486,37.28852505,51.63057172,1.290322581,0.69250985,1.050598802,1.530046359,3.451612903,2.29257802,2.645216943,4.226137896,5.064516129,2.064549731,4.335471263,5.78981906
184,aero drc,masculine,38.03225806,11.74019838,34.01819133,41.94567964,1.161290323,0.454369467,1.003341981,1.322722535,5.451612903,1.629697511,4.895960622,6.024684539,3.677419355,2.006441241,2.995052249,4.373721945
185,hrp 2+,masculine,42.19354839,15.68527835,36.71730409,47.13598623,1.774193548,1.334408169,1.285747615,2.249026578,5.387096774,1.626395183,4.832021536,5.962301045,3.064516129,2.096592217,2.338752191,3.799699421
186,metal rebel,masculine,38.53333333,16.62514368,32.8554076,44.0305924,1.1,0.4025779,0.959397404,1.24513593,4.733333333,2.377093753,3.937129017,5.52573765,4.166666667,2.379268699,3.311083808,4.990982858
187,thor,masculine,41.5,13.75838302,36.51852093,46.21414573,1.166666667,0.461133037,1.013900083,1.327099917,4.766666667,2.254242488,4.007193488,5.560873179,4.4,2.222145593,3.643150479,5.159649521
188,drc hubo,masculine,43.9,21.32240201,36.92036526,51.04230141,1.366666667,0.850287308,1.070738552,1.667994781,5.266666667,2.033060091,4.550428921,5.983704412,3.866666667,2.596195271,2.967711148,4.764555518
189,xing tian,masculine,50.7,15.63186401,44.93246566,55.99873434,1.333333333,0.884086645,1.015121204,1.63441213,4.633333333,2.413801314,3.776274782,5.475525218,4.333333333,2.590877009,3.415177553,5.243689113
190,runnin man,masculine,42.33333333,16.30386739,36.6851296,48.01393706,1.566666667,1.006301982,1.204054442,1.920878892,4.3,2.351081923,3.461474152,5.078859181,4.633333333,2.266446913,3.798463527,5.435936473
191,hrp2 promet,masculine,41.61290323,16.05340549,35.80741796,47.26316269,1.774193548,1.3591585,1.303510368,2.245844471,5.451612903,1.822794735,4.827910891,6.084863303,2.741935484,1.965837259,2.072227787,3.427256084
192,johnny,masculine,44.29032258,14.79457907,39.16552708,49.18363421,1.225806452,0.425023719,1.086523741,1.375024646,5.096774194,2.399372678,4.289460839,5.910603677,3.580645161,2.486955214,2.731664291,4.434335709
193,walk-man,masculine,37.58064516,19.28345438,31.41323047,43.76057598,1.322580645,0.70176429,1.08350323,1.572303221,4.677419355,2.371878254,3.830758157,5.501628939,3.967741935,2.469600116,3.127175077,4.775405568
194,escher,masculine,48.51612903,12.89669458,44.06345488,52.85499674,1.161290323,0.582910753,0.947718562,1.366991116,4.516129032,2.514901824,3.65433629,5.400050807,3.967741935,2.523012366,3.097885206,4.862695439
195,kodomoroid,feminine,34.74193548,18.53819075,28.39897512,41.35637972,6.774193548,0.56033784,6.578472532,6.969269404,1.322580645,0.747756501,1.059587856,1.579121821,1.903225806,1.640220284,1.356869607,2.455388457
196,otonaroid,feminine,31.32258065,8.634763447,28.39235815,34.42467411,6.774193548,0.716922935,6.528014647,7.033791805,1.032258065,0.179605302,0.969063634,1.095258947,1.387096774,1.054432528,1.032124139,1.752004893
197,erica,feminine,29.80645161,11.12780109,26.0029727,33.73780149,6.806451613,1.077631812,6.41784655,7.18615345,1.032258065,0.179605302,0.966621593,1.09383002,1.387096774,1.145350583,0.984963885,1.779681277
198,geminoid H1-4,masculine,46.41935484,9.076615351,43.18823762,49.51447206,1.032258065,0.179605302,0.9692538,1.094939748,6.838709677,0.454369467,6.680154737,6.994748489,1.387096774,1.174093107,0.960977107,1.793668054
199,int-ball,neutral,17.12903226,18.18010256,10.81851358,23.36238964,1.935483871,1.364685162,1.466765767,2.390524556,3.548387097,2.046765085,2.80974051,4.290130457,4.967741935,2.008048322,4.277459539,5.669830783
200,surena mini,masculine,19.32258065,13.93170747,14.55871037,24.37690253,2.032258065,1.622423516,1.486040748,2.58866893,4.870967742,1.784039153,4.277928807,5.499748613,3.806451613,2.135717753,3.062469799,4.557272136
201,pris,neutral,43,23.7571042,34.96683937,51.01574128,1.709677419,1.101318857,1.326482724,2.086291469,3.580645161,2.334868926,2.767988223,4.408592422,4.838709677,2.237510137,4.069957132,5.662752546
202,speech buddy,feminine,33.80645161,30.40988804,22.54945573,44.70641524,5.129032258,1.586231078,4.603653755,5.67124947,2.064516129,1.436093866,1.553989193,2.563881775,3.096774194,2.071309388,2.375272444,3.840211427
203,geebot,neutral,18.2,20.83829366,10.99206889,25.36473111,1.966666667,1.06619961,1.588891007,2.341708993,3.366666667,2.125109869,2.598142898,4.139323769,5.2,2.040959882,4.466691143,5.92944219
204,chico,masculine,21.29032258,21.9031102,13.64967591,29.11161441,1.677419355,1.446538322,1.178780668,2.183219332,5.387096774,1.926610484,4.680561553,6.078212641,3.290322581,2.424782442,2.489361982,4.141541244
205,kaspar,masculine,21.33333333,20.99644195,13.52697414,29.09249252,1.833333333,1.533158411,1.299125583,2.337741084,5.7,1.841101619,5.047066872,6.328199795,2.066666667,1.760355241,1.445954197,2.66611247
206,pillo,neutral,22.76666667,21.36171783,15.8902954,29.8945046,2.766666667,2.045741301,2.017353846,3.501446154,3.4,2.343001317,2.607919792,4.203880208,4.5,2.403302326,3.624295625,5.319971042
207,otto,neutral,24.25806452,20.7363895,16.88279631,31.4804295,1.838709677,1.240880714,1.40819314,2.266968151,3.35483871,2.168692188,2.618709273,4.120452018,5.258064516,1.843325653,4.618521127,5.913672421
208,ipal,feminine,21.9,13.19443456,17.27010679,26.55522654,5.966666667,1.351457281,5.508749208,6.438784126,2.033333333,1.607811392,1.47490955,2.600357116,2.233333333,1.633345062,1.703499257,2.795367409
209,commu,neutral,10.7,17.3387149,4.84632662,16.84487338,2.366666667,1.731718965,1.756328736,2.965204597,3.866666667,2.300424748,3.052486032,4.681447301,4.7,2.351081923,3.835715411,5.538551255
210,platina,neutral,29.56666667,20.97730027,22.11491335,36.67615332,2.633333333,1.956128007,1.967670287,3.355529713,2.1,1.539144411,1.578088323,2.60964501,5.8,1.627352409,5.252948605,6.361384728
211,ibuki,neutral,32.26666667,20.22619219,25.28042869,39.48383797,4,2.100902926,3.277891084,4.705842249,3.033333333,2.059181848,2.306034649,3.737965351,3.5,2.487901761,2.608940586,4.410392747
212,m3-synchy,neutral,23.03225806,24.11290646,14.35144178,31.70107435,2.516129032,1.85958719,1.877519956,3.167189721,3.870967742,1.96200468,3.172307467,4.546015114,4.935483871,2.064549731,4.253514582,5.63545316
213,slate tr2,neutral,48.90322581,21.08135802,42.61639904,55.97160096,1.225806452,0.616964473,1.017892716,1.445204058,2.64516129,2.122080537,1.900014131,3.373985869,5.935483871,1.672034367,5.351765408,6.520815238
214,qt robot,masculine,12.13333333,17.33390804,6.109378917,18.49848775,1.6,1.101722789,1.206623998,1.992042668,5.533333333,1.833281086,4.891308658,6.151358008,3.233333333,2.128352663,2.503971941,4.004494726
215,av1,neutral,37.77419355,22.12345615,30.14139421,45.27189611,2.129032258,1.408117786,1.621187005,2.640425898,3.129032258,2.156261201,2.354464584,3.910954771,5.677419355,1.578756827,5.126139224,6.24095755
216,human support robot,neutral,38.16129032,20.17109611,31.20018486,45.03981514,1.838709677,1.61445087,1.292473068,2.37455919,1.838709677,1.319009077,1.378890593,2.285690052,6.387096774,1.38268867,5.898783229,6.851216771
217,thr3,masculine,38.48387097,12.71710388,34.04687532,42.89170532,1.129032258,0.427546137,0.9861655,1.273963532,6.032258065,1.516220542,5.502085469,6.570559693,2.967741935,1.940513179,2.307120828,3.637588849
218,topo,neutral,32.96666667,20.13314874,25.74179174,40.37540826,2.7,2.261369741,1.899781948,3.511418052,2.7,2.167948339,1.934291952,3.431908048,5.333333333,2.202402032,4.594148701,6.080784632
219,misty,neutral,21.76666667,19.75484809,15.2522259,28.40804077,2.833333333,1.984132458,2.101035513,3.538697821,3.533333333,2.208655908,2.791968391,4.290764943,4.333333333,2.411657512,3.500409482,5.173323852
220,aerial bipedal,neutral,48.32258065,23.6620471,39.97187865,56.4251536,2.225806452,1.856693789,1.582950526,2.880081733,2.225806452,1.802029919,1.648623836,2.833182615,5.419354839,2.078047057,4.696533894,6.168498364
221,haru,neutral,28.86666667,22.66203469,20.84686195,36.76087139,2.033333333,1.542128697,1.486303848,2.590896152,2.866666667,1.960530071,2.192992466,3.553074201,5.9,1.604949242,5.34026008,6.464406586
222,toro,masculine,47.35483871,18.61996847,41.38831341,53.81104143,1.483870968,0.676804637,1.254617676,1.719640389,5.35483871,1.835726688,4.725878237,5.998057247,3.225806452,2.108865057,2.469339578,3.955370099
223,moxi,neutral,32,13.56465997,27.19898398,36.71074935,2.7,1.803253764,2.071416288,3.337117045,2.866666667,2.063364065,2.168567287,3.603966046,4.933333333,2.033060091,4.196582396,5.633884271
224,waseda flutist,masculine,60.06666667,11.90749788,56.12759904,64.16333429,1.1,0.4025779,0.95647238,1.24692762,6.433333333,1.250746903,6.002319428,6.889280572,2.1,2.006025406,1.399457226,2.820742774
225,telexistence,masculine,37.32258065,11.68014582,33.28301682,41.32162835,2.032258065,1.42557289,1.563857868,2.518593745,5,1.751190072,4.39369285,5.604113601,3.935483871,2.174633822,3.162321219,4.671485232
226,edgar version 2,masculine,39.46666667,12.91012255,35.02611505,43.64455161,1.333333333,0.660894552,1.107282654,1.563584013,5.233333333,2.128352663,4.48138864,5.995278027,3.533333333,2.208655908,2.77803839,4.303428277
227,airport guide robot,neutral,35.03225806,19.93403099,28.51334165,42.08110996,3.258064516,2.12865751,2.510754345,4.01466501,2.161290323,1.485412944,1.654421817,2.666158828,5.322580645,2.103760075,4.631990733,6.041170558
228,kengoro,masculine,46.76666667,16.94144751,40.84558243,52.61508424,2.233333333,1.887953341,1.575670667,2.891929333,5.333333333,2.106366922,4.598495591,6.109371076,2.366666667,1.86590707,1.731948907,3.007784426
229,myon,masculine,36.13333333,17.41329918,29.99339212,41.89914122,1.633333333,1.06619961,1.274135396,2.001197938,4.566666667,2.0625283,3.844571331,5.276895336,4.333333333,2.397316507,3.490502231,5.169164436
230,robonaut centaur,masculine,35.87096774,14.81382673,30.49370408,41.21597334,1.290322581,0.69250985,1.056583887,1.523738694,5.225806452,2.231735908,4.432136326,6.004315287,3.677419355,2.329336054,2.870709959,4.484709396
231,3e-a18,neutral,16.23333333,13.66516672,11.52057778,20.97528888,2.766666667,2.176414852,1.965840617,3.564692716,2.933333333,2.14850924,2.195471291,3.663862043,5.166666667,2.422357548,4.314388376,5.988078291
232,3e-c18,neutral,26.93333333,21.68573873,19.24319676,34.81560324,1.5,1.137147065,1.093972842,1.893893824,3.166666667,2.520034665,2.309154431,4.066978902,5.666666667,2.056668436,4.971999203,6.37753413
233,aeolus,masculine,44.46666667,17.55726264,38.39747461,50.19839205,2.266666667,1.638614497,1.685944764,2.825055236,4.2,2.310396294,3.402720704,5.005012629,4,2.348880878,3.188634813,4.832165187
234,walker,neutral,32.4516129,24.85402544,23.31079533,41.64662402,2.032258065,1.702622898,1.40711943,2.63571928,2.35483871,1.723337597,1.746420845,2.946353349,5.548387097,1.894530895,4.929998953,6.195484918
235,lynx,masculine,13.80645161,8.592319651,10.86889205,16.68672085,2.387096774,1.745039051,1.792784862,2.958053847,4.483870968,1.964195641,3.781239139,5.156696344,4.258064516,2.449050727,3.450464127,5.128568131
236,cruzr,feminine,42.36666667,18.20474234,35.94117135,48.91029531,4.766666667,1.977168532,4.068935166,5.454198167,1.933333333,1.529780993,1.355637845,2.498562155,4.166666667,2.408080267,3.344237996,5.001828671
237,sanbot max,neutral,43.66666667,18.14944349,37.0676114,50.10745526,3.433333333,2.254242488,2.643365007,4.240501659,3.733333333,1.928610959,3.074420815,4.414645852,3.566666667,2.402345597,2.713940723,4.398059277
238,sanbot nano,masculine,9.419354839,6.869129948,6.917527122,12.01447288,2.161290323,1.634967363,1.586415872,2.728422838,5.709677419,1.321452443,5.254543975,6.172165703,2.838709677,2.08321505,2.129589698,3.573313528
239,nadine,feminine,54,9.194201071,50.65041219,56.92145878,6.838709677,0.454369467,6.681741131,6.991033063,1.032258065,0.179605302,0.969845124,1.091638747,1.290322581,0.69250985,1.054677669,1.523064266
240,padbot 3,feminine,31.87096774,18.62568466,25.05216162,38.52087064,4.677419355,2.119545498,3.954118792,5.42368766,2.483870968,1.710184546,1.918664832,3.0674642,3.677419355,2.181545275,2.907244055,4.434046267
241,stevie,masculine,45.26666667,21.81099586,37.66117299,53.02949368,1.566666667,0.935260736,1.251302463,1.879630871,5.233333333,1.813423764,4.604693528,5.862906472,3.233333333,2.284631312,2.381626117,4.060973883
242,gazeroid,feminine,29.58064516,7.809285898,26.84614647,32.14224063,6.709677419,0.937853876,6.384548789,7.023644759,1.193548387,0.654184217,0.962704088,1.421295912,1.419354839,0.958269049,1.086057988,1.749232334
243,jackrabbit 2,neutral,46.48387097,26.82395816,36.73338849,56.19345022,1.709677419,1.418768207,1.200305123,2.197759394,2.935483871,1.896232825,2.289007156,3.578154135,5.677419355,1.661065858,5.088225235,6.257258636
244,seer,feminine,20.63333333,17.31947943,14.87447588,26.45299079,4.366666667,2.385058856,3.504503472,5.203829861,2.633333333,1.847334209,2.004669157,3.283264177,3.933333333,2.462593717,3.106060648,4.792806019
245,yumi,neutral,43.86666667,20.98395665,36.33386441,51.56000226,1.566666667,1.45467933,1.061331014,2.065068986,2.666666667,2.324284589,1.827975603,3.444491064,5.7,2.135900036,4.93726947,6.451863863
246,adata,masculine,5.903225806,4.635765587,4.272276795,7.43430385,1.967741935,1.401995506,1.507297385,2.473154228,5.032258065,1.852635438,4.378478474,5.677457009,3.870967742,2.232217664,3.096974653,4.647347928
247,care o bot,neutral,28.33333333,15.25718222,22.9969065,33.57416016,2.266666667,1.720732269,1.680021825,2.866178175,3.1,1.988761528,2.40799865,3.779268017,5.2,1.900997923,4.541868119,5.827798548
248,charli,masculine,41.26666667,15.82650185,35.81195374,46.88124626,2.033333333,1.449930636,1.533410187,2.527589813,5,2.149578948,4.275919057,5.742480943,4.1,2.397556227,3.272378432,4.916621568
249,ibotn,neutral,10.51612903,10.70473717,6.704085558,14.2453338,2.193548387,1.641530888,1.624397864,2.771602136,3.322580645,2.241831049,2.570505942,4.086526316,5.064516129,2.112431204,4.312554603,5.808671203
250,kojiro,masculine,26.35483871,19.03776665,20.08679794,33.0157827,2.129032258,1.384243126,1.642959365,2.609556764,4.35483871,1.664299394,3.787329634,4.934670366,4.451612903,1.85900887,3.824744758,5.10596492
251,olivia,neutral,36.12903226,19.85403726,29.53987919,42.48012081,3.129032258,2.012327599,2.425718785,3.819829602,2.483870968,1.823384541,1.820408108,3.098366085,4.741935484,2.048865409,4.033475958,5.482782106
